Keywords_3d,17
Keywords_aftercreditsstinger,19
Keywords_airplane,5
Keywords_alcohol,5
Keywords_alcoholism,5
Keywords_alien,10
Keywords_based on comic,9
Keywords_based on novel,21
Keywords_based on true story,5
Keywords_based on young adult novel,7
Keywords_biography,9
Keywords_cia,5
Keywords_daughter,5
Keywords_drug,6
Keywords_duringcreditsstinger,38
Keywords_dying and death,10
Keywords_dystopia,10
Keywords_england,5
Keywords_family,5
Keywords_female nudity,5
Keywords_fight,5
Keywords_friendship,9
Keywords_gore,5
Keywords_high school,5
Keywords_imax,6
Keywords_independent film,12
Keywords_infidelity,6
Keywords_island,6
Keywords_jealousy,5
Keywords_london england,10
Keywords_love,8
Keywords_magic,9
Keywords_marvel comic,9
Keywords_monster,5
Keywords_murder,9
Keywords_musical,7
Keywords_nudity,5
Keywords_paris,5
Keywords_party,7
Keywords_prison,5
Keywords_remake,8
Keywords_revenge,9
Keywords_robot,5
Keywords_secret,5
Keywords_secret identity,5
Keywords_sequel,14
Keywords_sex,7
Keywords_sport,5
Keywords_superhero,12
Keywords_suspense,6
Keywords_teenager,9
Keywords_vampire,5
Keywords_violence,9
Keywords_war,5
Keywords_witch,5
Keywords_woman director,21
